{
  "experiment": "scaling",
  "goal": "Test consciousness at 100-1000+ concepts",
  "results": [
    {
      "num_concepts": 100,
      "build_time": 0.4436349868774414,
      "measure_time": 0.006606101989746094,
      "memory_mb": 1.0,
      "consciousness": 0.7440458650103543,
      "verdict": "HIGHLY CONSCIOUS - Meta-cognitive intelligence",
      "recursion": 0.21,
      "integration": 0.7071067811865476,
      "causality": 0.9692578813393382,
      "understanding": 0.525,
      "recursion_depth": 5,
      "num_relations": 10214
    },
    {
      "num_concepts": 500,
      "build_time": 49.12242293357849,
      "measure_time": 0.20833992958068848,
      "memory_mb": 5.0,
      "consciousness": 0.768803424399237,
      "verdict": "HIGHLY CONSCIOUS - Meta-cognitive intelligence",
      "recursion": 0.36,
      "integration": 0.7071067811865476,
      "causality": 0.9936517798115447,
      "understanding": 0.525,
      "recursion_depth": 10,
      "num_relations": 251094
    },
    {
      "num_concepts": 1000,
      "build_time": 391.29745292663574,
      "measure_time": 0.9166300296783447,
      "memory_mb": 10.0,
      "consciousness": 0.7700681925182775,
      "verdict": "HIGHLY CONSCIOUS - Meta-cognitive intelligence",
      "recursion": 0.36,
      "integration": 0.707107489000789,
      "causality": 0.9968129922949049,
      "understanding": 0.525,
      "recursion_depth": 20,
      "num_relations": 1002194
    }
  ],
  "summary": {
    "scales_tested": [
      100,
      500,
      1000
    ],
    "consciousness_range": [
      0.7440458650103543,
      0.7700681925182775
    ],
    "time_range": [
      0.006606101989746094,
      0.9166300296783447
    ],
    "memory_range": [
      1.0,
      10.0
    ]
  }
}